availability,seed,users_evaluated,mean_ndcg
20,42,506,0.06939572090562021
20,43,506,0.06829250183977367
20,44,506,0.06540265020960033
20,45,506,0.06099555067176695
20,46,506,0.06302815440290657
40,42,600,0.09170575208138589
40,43,600,0.10093485682219203
40,44,600,0.09897642993310413
40,45,600,0.0861454103739739
40,46,600,0.09769221554767772
60,42,600,0.12985302903189833
60,43,600,0.13649432041860185
60,44,600,0.13899712293175473
60,45,600,0.1351890108141304
60,46,600,0.13029362023408902
80,42,600,0.18462014853942268
80,43,600,0.18834587639651912
80,44,600,0.18333652805187634
80,45,600,0.19225690754232508
80,46,600,0.18879186836277714
100,42,600,0.26498122118082656
