availability,seed,method,users_evaluated,mean_ndcg
20,42,content,506,0.027199201654831185
20,42,collaborative,506,0.09992049324835152
20,42,hybrid,506,0.05908182862539197
20,43,content,506,0.020821871533326076
20,43,collaborative,506,0.09850250989316148
20,43,hybrid,506,0.05827859275296516
20,44,content,506,0.02817053088799062
20,44,collaborative,506,0.09741031932100423
20,44,hybrid,506,0.06526722573046094
20,45,content,506,0.024613184278454804
20,45,collaborative,506,0.08933169993831766
20,45,hybrid,506,0.05996639470345557
20,46,content,506,0.025693257101710887
20,46,collaborative,506,0.09309372069428179
20,46,hybrid,506,0.06367513547702595
40,42,content,506,0.027597761670232562
40,42,collaborative,506,0.1557757229837698
40,42,hybrid,506,0.1049815715503139
40,43,content,506,0.02281597749477651
40,43,collaborative,506,0.16187100448094063
40,43,hybrid,506,0.10577168618083023
40,44,content,506,0.025292346686920993
40,44,collaborative,506,0.15037622551416052
40,44,hybrid,506,0.10384534110017751
40,45,content,506,0.025820020812026005
40,45,collaborative,506,0.1379177878978745
40,45,hybrid,506,0.10037186757815292
40,46,content,506,0.026644537089018126
40,46,collaborative,506,0.16131075966913372
40,46,hybrid,506,0.10798716482161258
60,42,content,506,0.025196254929177528
60,42,collaborative,506,0.2039067567332461
60,42,hybrid,506,0.1435801053882943
60,43,content,506,0.027478620398955524
60,43,collaborative,506,0.20221790885611424
60,43,hybrid,506,0.1472728185981439
60,44,content,506,0.025667729956467815
60,44,collaborative,506,0.19941043901704084
60,44,hybrid,506,0.1450802675300672
60,45,content,506,0.024653181524462008
60,45,collaborative,506,0.20283836268138147
60,45,hybrid,506,0.1451645386553468
60,46,content,506,0.026770690213278003
60,46,collaborative,506,0.1982440002522352
60,46,hybrid,506,0.1358249425536128
80,42,content,506,0.02640461488657273
80,42,collaborative,506,0.24424893260511057
80,42,hybrid,506,0.1847134897693229
80,43,content,506,0.027077233810868743
80,43,collaborative,506,0.24532991199317922
80,43,hybrid,506,0.18195877524324117
80,44,content,506,0.027370990323519123
80,44,collaborative,506,0.243224801105226
80,44,hybrid,506,0.19083350758858472
80,45,content,506,0.02595207544861947
80,45,collaborative,506,0.24575206410749403
80,45,hybrid,506,0.19027891748777684
80,46,content,506,0.02702307972345446
80,46,collaborative,506,0.24645517093171537
80,46,hybrid,506,0.17993067791323164
100,42,content,506,0.027696735446687066
100,42,collaborative,506,0.2823584581006395
100,42,hybrid,506,0.21998155510869805
